Family,FileName,ClamAV_Results
Gafgyt,VirusShare_808d51bc9e3da8d8a35cebed68ac6e58,Unix.Trojan.Gafgyt-6981154-0
Gafgyt,VirusShare_5aabd2a1dcc255c6330abc91632abe22,Unix.Trojan.Gafgyt-6981154-0
Gafgyt,VirusShare_962ea8687123f12c767e4176e1987a3a,Unix.Trojan.Gafgyt-6981154-0
Gafgyt,VirusShare_7fa7349d37115ff43f0267efa2fc5b17,Unix.Trojan.Gafgyt-6981154-0
Gafgyt,VirusShare_27d6ba58a703e2678c0d750acef712c0,Sanesecurity.Malware.29227.LC.UNOFFICIAL
Gafgyt,VirusShare_4d0b07765503106b0059a81c48c24cce,Unix.Trojan.Gafgyt-1
Mirai,VirusShare_36ece831d6e3bbdb96e4f521a387dac7,Unix.Dropper.Mirai-7139232-0
Gafgyt,VirusShare_7aa68082c1d5fd2aedd309ed9c313ebf,Unix.Trojan.Gafgyt-6981154-0
Tsunami,VirusShare_1d4980866a05570730eb01ec67af9f73,Unix.Malware.Agent-6963345-0
Mirai,VirusShare_82fa46967cff8af3f4cc0faadadc6b96,Unix.Dropper.Mirai-7139232-0
Gafgyt,VirusShare_b5177106bff33d150583eb75750999af,Unix.Trojan.Gafgyt-6981154-0
Mirai,VirusShare_3d8628a907398ead2b1435055cd6143e,Unix.Trojan.Mirai-6981169-0
Gafgyt,VirusShare_898febbf7baa9542631fa3c1a0b25a60,Unix.Trojan.Gafgyt-6981154-0
Mirai,VirusShare_c680e3001c7e967082a7430cc4fc7467,Unix.Dropper.Mirai-7135993-0
Gafgyt,VirusShare_c26d48116cbf4f8f5d2a4fca3c431fd8,Unix.Trojan.Gafgyt-6981154-0
Gafgyt,VirusShare_236d8d298da0b19100e94edcbf315487,Unix.Trojan.Gafgyt-6981154-0
Mirai,VirusShare_8faa494f0391f3fdabf4c7f209691269,Unix.Malware.Mirai-10009052-0
Gafgyt,VirusShare_4a04b58068e8e98c9c823b75ceba5abd,Unix.Trojan.Gafgyt-1
Gafgyt,VirusShare_9b3648cd7a655399fb277f969ef95726,Unix.Trojan.Gafgyt-6981154-0
Gafgyt,VirusShare_16d7ee850bda7146c166c79167d830e1,Unix.Trojan.Gafgyt-6981154-0
Gafgyt,VirusShare_2b3374a2b5dbf7db684260e381896f03,Sanesecurity.Malware.29227.LC.UNOFFICIAL
Gafgyt,VirusShare_75e7ce8c110bb132d3897b293d42116a,Unix.Trojan.Gafgyt-6981160-0
Gafgyt,VirusShare_0ec9e402b4596e6ab045a24df2b6970a,Unix.Malware.Agent-6854378-0
Tsunami,VirusShare_5537ed670b934df564ef3f7e9eb6c63d,Unix.Trojan.Tsunami-6981155-0
Tsunami,VirusShare_8a232ac5c525f207a4715b3b24839308,Sanesecurity.Malware.29052.TSource.UNOFFICIAL
Tsunami,VirusShare_66171b5362e440cc267f18e432df0e11,Unix.Trojan.Tsunami-6981155-0
Gafgyt,VirusShare_5d9cc7bfc09cc427610607c47f3affc0,Unix.Trojan.Gafgyt-6981154-0
Mirai,VirusShare_28684b9e759c98aebf717836276815a3,Unix.Trojan.Mirai-9933846-0
Mirai,VirusShare_3e2c2ff7c545bf46006b911df7098531,Unix.Trojan.Mirai-6976991-0
Gafgyt,VirusShare_08c8d5fee3687d1e50b45d44168d8ac2,Unix.Trojan.Gafgyt-1
Gafgyt,VirusShare_0b3d9f60afbe9e21e772113a38218b44,Unix.Trojan.Gafgyt-6981154-0
Gafgyt,VirusShare_879bc8e7e641d1cda50047d961044327,Unix.Trojan.Gafgyt-6981154-0
Gafgyt,VirusShare_fb8479104f6e1406012c58acb58b4785,Sanesecurity.Malware.29001.LCM.UNOFFICIAL
Gafgyt,VirusShare_5384d043582436f4c960bf22dd523721,Unix.Trojan.Gafgyt-1
Gafgyt,VirusShare_2fb3ba518e31426d5178a45e83f5e3c8,Unix.Trojan.Gafgyt-6981154-0
Gafgyt,VirusShare_e02a5551aa303b71307dd34c14992e2f,Unix.Trojan.Gafgyt-1
Gafgyt,VirusShare_0aeac00aa18a1898872edc169ced57ca,Unix.Trojan.Gafgyt-6981154-0
Gafgyt,VirusShare_43e55992ef2aa40bf8391561b1cc2ad0,Unix.Trojan.Gafgyt-6981154-0
Gafgyt,VirusShare_4a81375d2b9ac7296179cb829cd97e2b,Unix.Trojan.Gafgyt-6981154-0
Gafgyt,VirusShare_7bfa5430dfd6407d52560130824d4210,Unix.Trojan.Gafgyt-6981154-0
Tsunami,VirusShare_934e99e12e02d5011c81d9563a7c2f72,Sanesecurity.Malware.29052.TSource.UNOFFICIAL
Gafgyt,VirusShare_d3edc4aa05c2453d1083a3d30290825b,Unix.Malware.Agent-6871596-0
Gafgyt,VirusShare_6be0388d183385fc58d592fc5b6059e1,Unix.Trojan.Gafgyt-6981154-0
Gafgyt,VirusShare_92375edaa87cc15f257ba28bf430252e,Sanesecurity.Malware.29227.LC.UNOFFICIAL
Gafgyt,VirusShare_04360ca769bb9b0477aa6fe3f07b01ba,Sanesecurity.Malware.29227.LC.UNOFFICIAL
Gafgyt,VirusShare_46d496156c085a00e2aea979794d6738,Unix.Trojan.Gafgyt-6981154-0
Gafgyt,VirusShare_aee3980f9e5ffd6fcee41e20775a0efe,Unix.Trojan.Gafgyt-6981154-0
Gafgyt,VirusShare_9652f962d2eb163159f56dbddef5da3c,Unix.Trojan.Gafgyt-6981154-0
Gafgyt,VirusShare_24aa3d3105e4b0eda9fe8fb8fb5bd054,Unix.Trojan.Gafgyt-6981154-0
Gafgyt,VirusShare_fc175f4a4f8fb5dfdc560f4a70051adb,Unix.Malware.Agent-6962310-0
Gafgyt,VirusShare_0759729d280531b32156860fe50cf2d2,Unix.Trojan.Gafgyt-6981154-0
Gafgyt,VirusShare_f62cbda65d454884097a15f122c02bc2,Unix.Trojan.Gafgyt-1
Gafgyt,VirusShare_2c1ab707cb4ec72604e978a6e3af0fde,Unix.Trojan.Gafgyt-6981154-0
Gafgyt,VirusShare_45fbbfb5d8b8d59c62b70776243da135,Unix.Trojan.Gafgyt-6981154-0
Tsunami,VirusShare_c3548ef75116ddf90775b0cd45cd280d,Unix.Malware.Agent-6965746-0
Gafgyt,VirusShare_8979d5a8b5a4b3395abcd511f07c7b85,Unix.Trojan.Gafgyt-6981154-0
Gafgyt,VirusShare_770aea8c2cbad69a5773a1f42679ddc4,Unix.Malware.Agent-6950066-0
Tsunami,VirusShare_75365fdb62e5047f16907f7db3142afb,Unix.Malware.Agent-6989054-0
Gafgyt,VirusShare_7bdac178681e1e14a2e98f642ef40801,Unix.Trojan.Gafgyt-6981154-0
Gafgyt,VirusShare_8b58e5811036f8ce362b1e9bc5f62e52,Unix.Trojan.Gafgyt-6981154-0
Gafgyt,VirusShare_bb5db0ce2e4274f037505f528d9925c8,Unix.Trojan.Gafgyt-6981154-0
Gafgyt,VirusShare_2391b4ba7150b0ecda57b45055241bc0,Unix.Trojan.Gafgyt-6981154-0
Mirai,VirusShare_46a7ad221f03c773ec13aded4a326a6a,Unix.Trojan.Mirai-7100807-0
Tsunami,VirusShare_e8ca1c8cbdcc73b6dd83e6b9e5e979f3,Sanesecurity.Malware.29524.LC.UNOFFICIAL
Gafgyt,VirusShare_daac15125a9a0844eca526db59904087,Unix.Trojan.Gafgyt-6981154-0
Gafgyt,VirusShare_74ed9e2f992cbf7873fea243be800a53,Unix.Trojan.Gafgyt-6981154-0
Gafgyt,VirusShare_3ab1658993e7c512a9fa87877435dc7d,Unix.Trojan.Gafgyt-6981154-0
Tsunami,VirusShare_c7b1b10ff38cf44ead8d4aec9008b1d4,Unix.Trojan.Tsunami-6981155-0
Gafgyt,VirusShare_802994afa24dbb306d3221dbdea1e8c2,Unix.Trojan.Gafgyt-6981154-0
XMRIG_Miner,VirusShare_fec85360ad9b3d894f958c4ad1aabb9c,Unix.Malware.Agent-7338929-0
Gafgyt,VirusShare_ed8ac3219acca9d46185408c867af2cf,Unix.Trojan.Gafgyt-6981154-0
Gafgyt,VirusShare_de9e0d65732da352b481cee763397f1d,Unix.Malware.Agent-7162600-0
Tsunami,VirusShare_c7cb47db674a92d6955bda51c5d7d92b,Unix.Trojan.Tsunami-6981155-0
Tsunami,VirusShare_7cafa1db21ae9616381c1a5d86d9bf70,Unix.Trojan.Tsunami-6981155-0
Gafgyt,VirusShare_f6548e1d88be4b1c618828b3b3310737,Unix.Trojan.Gafgyt-6981154-0
Gafgyt,VirusShare_a5156a2a218b43865d111b7e0642ae45,Unix.Trojan.Gafgyt-6981154-0
XMRIG_Miner,VirusShare_54b0f140da40e5713377f4d4a8f143ad,Unix.Tool.Minerd-6404314-0
Mirai,VirusShare_ccffe859af9e09ec95c41039b19cd6c1,Unix.Trojan.Mirai-6987932-0
Gafgyt,VirusShare_9ff3008a8767f9f4c93048ce504f3de2,Sanesecurity.Malware.29227.LC.UNOFFICIAL
Gafgyt,VirusShare_77f8efa44c26347e8deec7d497d9b292,Unix.Malware.Agent-6861506-0
Gafgyt,VirusShare_2f7bf78b248981b11ddee65fa90d4c01,Unix.Trojan.Gafgyt-6981154-0
Gafgyt,VirusShare_40ba3cfa6919f2a97463a6235785ede8,Unix.Trojan.Gafgyt-6981154-0
Mirai,VirusShare_724cea56fc4696dd27c771ab3235b0db,Unix.Dropper.Mirai-7138759-0
Gafgyt,VirusShare_fb59e2429af07ddfef494670e22a6be9,Unix.Trojan.Gafgyt-6981154-0
Gafgyt,VirusShare_45483be96a59189b0ea1fed096dc0360,Unix.Trojan.Gafgyt-6981154-0
Gafgyt,VirusShare_ef53f79f0ec865c9aa30912081226083,Sanesecurity.Malware.29227.LC.UNOFFICIAL
Gafgyt,VirusShare_f17a1e81f29058c320e1c8bfdcb9e77b,Unix.Trojan.Gafgyt-6981154-0
Mirai,VirusShare_8aafef65988b1b8a39daae0f72519d05,Unix.Dropper.Mirai-7138843-0
Gafgyt,VirusShare_ba91fcac57ee973f9da48cec2d35f23e,Unix.Trojan.Gafgyt-6981154-0
Gafgyt,VirusShare_5327c90bf61bf25e2ee17f7ac8b4482b,Unix.Trojan.Gafgyt-6981154-0
Gafgyt,VirusShare_8b923ac1eec170c24f46f7bfbbb0d7ea,Unix.Trojan.Gafgyt-6981154-0
Gafgyt,VirusShare_f4e3f8552d594cee783207c4d83336e6,Unix.Trojan.Gafgyt-6981154-0
Gafgyt,VirusShare_c9ef3f70eb5badfd6a8a24a0131607b1,Unix.Trojan.Gafgyt-6981154-0
Gafgyt,VirusShare_80563d611a942819bfe82903ce086ecb,Unix.Trojan.Gafgyt-6981154-0
Gafgyt,VirusShare_fbb33eb811f77a92d43f642b0f91582b,Unix.Trojan.Gafgyt-6981154-0
Gafgyt,VirusShare_b24f0e02693711fced47e6d5687c6acb,Unix.Trojan.Gafgyt-6981154-0
Gafgyt,VirusShare_cdef115ee1b22cf59f4ed484cd145b69,Unix.Trojan.Gafgyt-6981154-0
XMRIG_Miner,VirusShare_9dd8c5b1dc74286d81bc78372d9b7f27,Multios.Coinminer.Miner-6781728-2
Gafgyt,VirusShare_d0566016e919e499c3b3147ddb587ae3,Sanesecurity.Malware.29227.LC.UNOFFICIAL
Gafgyt,VirusShare_be870e097f0f867d567d014a60068053,Unix.Trojan.Gafgyt-6981154-0
Tsunami,VirusShare_a8de3f1533de8ebc2abf58d9e81b3e20,Unix.Trojan.Tsunami-6981155-0
Gafgyt,VirusShare_dac191240527b54f73c8b7e1f8c1623d,Unix.Trojan.Gafgyt-6981154-0
Gafgyt,VirusShare_0d10b438c5586e0a7c796451a32be0a5,Unix.Trojan.Gafgyt-6981154-0
Gafgyt,VirusShare_51670ea56a83c6c2457782430aa9049e,Unix.Trojan.Gafgyt-6981154-0
Gafgyt,VirusShare_67f3a145ba420581d0a03bd04229b425,Sanesecurity.Malware.29227.LC.UNOFFICIAL
Gafgyt,VirusShare_6c9faf0538b3a050e2cf76931cf30e6d,Unix.Malware.Agent-6807057-0
Mirai,VirusShare_ecf53345de4ca4b931f88eacfcf79fd8,Unix.Dropper.Mirai-7136017-0
Gafgyt,VirusShare_dc3b4ea583a5927627bafdfe9c9d2f24,Unix.Trojan.Gafgyt-6981154-0
Mirai,VirusShare_aed4fae4ed18da34f613e73b856fa9b5,Unix.Dropper.Mirai-7135927-0
Gafgyt,VirusShare_5d4aae975de2ecffedf49ea6aa2782c9,Sanesecurity.Malware.29227.LC.UNOFFICIAL
Gafgyt,VirusShare_6232e5ee6a99608af5eeaba478c6e308,Sanesecurity.Malware.29227.LC.UNOFFICIAL
Tsunami,VirusShare_7bf5f883b7577d0af93ba8e6fa1fdf42,Win.Trojan.Tsunami-5
Tsunami,VirusShare_7d379817e4f9f4d0b475d9470d86035d,Unix.Trojan.Tsunami-6981155-0
Gafgyt,VirusShare_debd024be36772d83fa4267510e1bbe7,Unix.Trojan.Gafgyt-6981154-0
Tsunami,VirusShare_b902c3460e91df986f3e3637f2e5a507,Sanesecurity.Malware.28961.LCM.UNOFFICIAL
Mirai,VirusShare_964a338d8759996addd413ad75df50ba,Unix.Dropper.Mirai-7540654-0
Gafgyt,VirusShare_c71c163141a0583b4f526f828fafb7f4,Unix.Trojan.Gafgyt-6981154-0
Gafgyt,VirusShare_8f010acb18b34cd4f19fa223d39e3d57,Unix.Trojan.Gafgyt-6981154-0
Gafgyt,VirusShare_9c40ea104eadbff7fc536912433892cc,Sanesecurity.Malware.29227.LC.UNOFFICIAL
Tsunami,VirusShare_3655b19bb70ba8ca0e1720e5a444e4f1,Sanesecurity.Malware.29052.TSource.UNOFFICIAL
Gafgyt,VirusShare_1f9ff389f6fcc92f141b491e85ca9bd9,Unix.Trojan.Gafgyt-1
Gafgyt,VirusShare_866e316e41043acb0c3d51ee62d47115,Unix.Trojan.Gafgyt-6981154-0
Tsunami,VirusShare_97bb46615110be032f18cf5a78018c7c,Unix.Trojan.Tsunami-6981155-0
Gafgyt,VirusShare_c3280cbe5aac16ef960890b5c6c2f82d,Unix.Trojan.Gafgyt-6981154-0
Gafgyt,VirusShare_802768df4f010d1350ef0f003b8fabfa,Unix.Malware.Agent-7406832-0
Gafgyt,VirusShare_7eb2f6d54035b94691d4d443c91550f7,Unix.Trojan.Gafgyt-6981154-0
Gafgyt,VirusShare_5a38c2ca79112e65bc10ede1f4325f6f,Unix.Trojan.Gafgyt-6981154-0
Mirai,VirusShare_cb04b21e492f341994d9201c2ab3a34b,Unix.Dropper.Mirai-7138864-0
Gafgyt,VirusShare_d5479554575a8b40556063df04d00a84,Unix.Malware.Agent-6961873-0
Gafgyt,VirusShare_00539474013d7a1d2d862df860cf85f3,Unix.Trojan.Gafgyt-6981154-0
Gafgyt,VirusShare_75c371f2208710e3cb872a12d90d374b,Unix.Trojan.Gafgyt-6981154-0
Tsunami,VirusShare_cca7a3ae70df0d9141a0737149cacbbb,Unix.Trojan.Tsunami-6981155-0
Gafgyt,VirusShare_edbf4681d7b6bb3b1c656a3537dda6f1,Unix.Trojan.Gafgyt-6981154-0
Gafgyt,VirusShare_44c29c3016425e272957323cd5ec1fd3,Unix.Trojan.Gafgyt-6981154-0
Mirai,VirusShare_0d923775f1f4e458900514e8d99f9155,Unix.Dropper.Mirai-7135927-0
Gafgyt,VirusShare_1b172a9955bc1b8056cb15cf4d5601d2,Unix.Trojan.Gafgyt-6981154-0
Gafgyt,VirusShare_a488d128738b22fcdc5847da8a42b526,Unix.Trojan.Gafgyt-6981154-0
Mirai,VirusShare_36c4921fd7898ca94fcbb7bbba372881,Unix.Trojan.Mirai-6981169-0
Gafgyt,VirusShare_890fac3834823d110c3e90e8632c277d,Unix.Trojan.Gafgyt-6981154-0
Gafgyt,VirusShare_c7fbb016826ba2aeaee89648f44c3461,Unix.Trojan.Gafgyt-6981154-0
Gafgyt,VirusShare_3035b360ebb1f9910c130813c5322d26,Unix.Trojan.Gafgyt-6981154-0
Tsunami,VirusShare_729efc299fffeaa6861f6900a8de5eb5,Unix.Trojan.Tsunami-6981155-0
Gafgyt,VirusShare_38703b2b79add843d785c693b81d9bbb,Unix.Trojan.Gafgyt-6981154-0
Gafgyt,VirusShare_2746e787a08fb2267627701700aabfce,Unix.Trojan.Gafgyt-6981154-0
Gafgyt,VirusShare_eaf1a8c6eb5fa1641517de35fefb1a18,Unix.Trojan.Gafgyt-6981154-0
Mirai,VirusShare_ee11c23377f5363193b26dba566b9f5c,Unix.Trojan.Mirai-7100807-0
Gafgyt,VirusShare_532eda20ced6c98ce868e17e9f5f0fa4,Unix.Trojan.Gafgyt-6981154-0
Gafgyt,VirusShare_f5d4c29496069bef84ecc9bb35397469,Sanesecurity.Malware.29001.LCM.UNOFFICIAL
Gafgyt,VirusShare_fb7914187bb69c74593822e69151c808,Unix.Trojan.Gafgyt-6981154-0
Tsunami,VirusShare_717dea78cc6f792caa3c420e9fd2d2b0,Win.Trojan.Tsunami-5
Gafgyt,VirusShare_275f676843c978b9900bd2b9c8f0ee65,Unix.Malware.Agent-7479085-0
Gafgyt,VirusShare_52aaf167ba5a187da9f1ea7fab0590c2,Unix.Trojan.Gafgyt-6981154-0
Tsunami,VirusShare_70a30a3587db8589179bb3e86cc9c04d,Unix.Trojan.Tsunami-6981155-0
Gafgyt,VirusShare_73a8cc8507951cd8fd152357b46ee481,Unix.Trojan.Gafgyt-6981154-0
Tsunami,VirusShare_6fda01bada2ea442b5fc729dfe9145d8,Unix.Malware.Agent-6971903-0
XMRIG_Miner,VirusShare_a5c7c93fa57c1fc27cde28b047c85be6,Multios.Coinminer.Miner-6781728-2
Gafgyt,VirusShare_58b9e8182fa89226ff5a1d8cb21804a5,Unix.Trojan.Gafgyt-6981154-0
Mirai,VirusShare_096a1a2ed0218ee834c8b6654efc0f56,Unix.Dropper.Mirai-7135944-0
Tsunami,VirusShare_40406dec91c5bf7e9036bd3574f79f13,Unix.Malware.Agent-7430703-0
Gafgyt,VirusShare_78a410f42578122459792806218a18e6,Unix.Trojan.Gafgyt-6981154-0
Gafgyt,VirusShare_3f03f84327b894c20ac626aad4e52c19,Unix.Trojan.Gafgyt-6981154-0
Mirai,VirusShare_9488596fe1cb5eee6efeac29203dcf8f,Unix.Malware.Agent-7403343-0
XMRIG_Miner,VirusShare_433cd3c6bc848ad867f25e341b922e58,Multios.Coinminer.Miner-6781728-2
Gafgyt,VirusShare_b83d44f3c91be30daaa5c49605348d4d,Unix.Trojan.Gafgyt-6981154-0
Gafgyt,VirusShare_3adf19c4abf8bffd40f4b7bd7b5194b8,Unix.Malware.Agent-7411636-0
Gafgyt,VirusShare_27af2bd5972c9a22b850df7cac447b26,Unix.Trojan.Gafgyt-6981154-0
Gafgyt,VirusShare_0adc3a2990f0661d30c33322f07d6589,Unix.Trojan.Gafgyt-6981154-0
Gafgyt,VirusShare_13f4fd88a19fb5551fe6ff9384121a88,Unix.Trojan.Gafgyt-6981154-0
Mirai,VirusShare_cbf962aa726ce2fc7fd139838b09f944,Unix.Dropper.Mirai-7338040-0
Gafgyt,VirusShare_191dc040b1c264bf2de9d9c05c0fdbc1,Unix.Trojan.Gafgyt-6981154-0
Gafgyt,VirusShare_0f31541bb1dc6100d982ca24a364f2e4,Sanesecurity.Malware.29227.LC.UNOFFICIAL
Tsunami,VirusShare_aa64562d7e067ba68034b44219087dcd,Unix.Trojan.Tsunami-6981155-0
Tsunami,VirusShare_d1b3e5b6253deeac8c506bc6f07c46db,Unix.Malware.Agent-6982291-0
Gafgyt,VirusShare_7a1c9408076e11de3d01ea739832d669,Unix.Trojan.Gafgyt-6981154-0
XMRIG_Miner,VirusShare_ee119663da18f4f378472c9df2faa689,Multios.Trojan.CryptocoinMiner-6448864-1
Gafgyt,VirusShare_1723f559f8fe898989f624f6cf4999dd,Unix.Trojan.Gafgyt-6981154-0
Mirai,VirusShare_75c2b37eb82269b26975de9049c9d023,Unix.Dropper.Mirai-7338040-0
Gafgyt,VirusShare_b968d0708f09d2cc47b18979c95b2af7,Sanesecurity.Malware.29227.LC.UNOFFICIAL
Gafgyt,VirusShare_fd796169ff1990006aad71b7525fd1a7,Unix.Trojan.Gafgyt-1
Gafgyt,VirusShare_ce7afd81d8aa6d52f151055d842675a9,Unix.Trojan.Gafgyt-6981154-0
Gafgyt,VirusShare_4fcfb4899779ad77e027aa75a28c907c,Unix.Trojan.Gafgyt-6981154-0
Gafgyt,VirusShare_9c26c4e9b3e5900f2886e2cecd501a67,Unix.Trojan.Gafgyt-6981154-0
Gafgyt,VirusShare_a2b6974e0ff2ff42399d54be61ddaaea,Unix.Trojan.Gafgyt-6981154-0
Tsunami,VirusShare_53356bb304f620234b984e1bc8f14df9,Unix.Malware.Agent-7438171-0
Gafgyt,VirusShare_5e488aa38ebdb176d11fdbfa4291982f,Unix.Trojan.Gafgyt-6981154-0
Gafgyt,VirusShare_86b5602fb34f62be55e61c9f258961bc,Unix.Trojan.Gafgyt-6981154-0
Gafgyt,VirusShare_4af978aa88bcae00d79a37f5e0385c9b,Unix.Trojan.Gafgyt-6981154-0
Tsunami,VirusShare_b70ebe3d303954323bc6be479ec5b7ec,Unix.Trojan.Tsunami-6981155-0
Gafgyt,VirusShare_68684d1cc28af75e94367f69ea93954c,Unix.Trojan.Gafgyt-6981154-0
Gafgyt,VirusShare_f4d1da85259015bfc5be5de9724e9b73,Sanesecurity.Malware.29001.LCM.UNOFFICIAL
Gafgyt,VirusShare_b71ad62fb6618fd6dbf35b6482a99b68,Sanesecurity.Malware.29227.LC.UNOFFICIAL
Emotet,VirusShare_79c78bcdcc5feca9794b0b87bd1f5284,Unix.Malware.Agent-7406938-0
Gafgyt,VirusShare_d9337bcba57e3713f646c77bc586634c,Sanesecurity.Malware.29227.LC.UNOFFICIAL
Gafgyt,VirusShare_abb38afa4a689a6094fff65cb8f53f6f,Sanesecurity.Malware.29227.LC.UNOFFICIAL
Gafgyt,VirusShare_a7d347428910d380935839a10e49b36b,Unix.Trojan.Gafgyt-6981154-0
Gafgyt,VirusShare_41cd580168f0199418cb22cf8ded0444,Unix.Trojan.Gafgyt-6981154-0
Gafgyt,VirusShare_668a7f5eb713ea8c869e3cc3a8dad726,Unix.Trojan.Gafgyt-6981154-0
Gafgyt,VirusShare_4ff44353497976324379717b5bafdd5c,Unix.Trojan.Gafgyt-6981154-0
Gafgyt,VirusShare_ffda9c21176e29cd163236be7fa8b448,Unix.Trojan.Gafgyt-6981154-0
Mirai,VirusShare_23ca80825f55504aeb84ac4ad7540c6d,Sanesecurity.Malware.29325.LC.Pl.UNOFFICIAL
Gafgyt,VirusShare_dbe9496fcf5169a64271a35b995621f5,Unix.Trojan.Gafgyt-6981154-0
Tsunami,VirusShare_b488248ab8a35028a5a8a502f4b5ac72,Unix.Trojan.Tsunami-6981155-0
Gafgyt,VirusShare_58b92395c348cd3745d589ef5d28b10b,Unix.Trojan.Gafgyt-6981154-0
Gafgyt,VirusShare_a73f53230c1adcd13d670a888c791a43,Sanesecurity.Malware.29001.LCM.UNOFFICIAL
Gafgyt,VirusShare_ff6317fce438052faed6c266fec64d9e,Sanesecurity.Malware.29227.LC.UNOFFICIAL
XMRIG_Miner,VirusShare_45106124496d4492197bbb16c18652c6,Unix.Malware.Agent-6723609-0
Mirai,VirusShare_55c1444ac5520a1c72e132988ec69bee,Unix.Malware.Agent-7407596-0
Gafgyt,VirusShare_de503036e1b90fc14bdd3c07cbfaa4d3,Unix.Trojan.Gafgyt-6981154-0
Gafgyt,VirusShare_08ef6cadbec844978b0fd8623a210c66,Unix.Trojan.Gafgyt-1
Mirai,VirusShare_713231d173708f96373e590ece8d4755,Unix.Dropper.Mirai-7540662-0
Gafgyt,VirusShare_b7895adf0bddc16c1c8230c276cd1588,Unix.Trojan.Gafgyt-1
Mirai,VirusShare_d6ec6748781991e5433d7d6d011b62a2,Sanesecurity.Malware.29325.LC.Pl.UNOFFICIAL
Gafgyt,VirusShare_78cff1a4b46559617450929614154a4e,Unix.Trojan.Gafgyt-6981154-0
Gafgyt,VirusShare_4f6f0fd2a45d88928665ee2f403451b7,Unix.Trojan.Gafgyt-6981154-0
Gafgyt,VirusShare_277f3a94cec566a1c93e68ac79f37ac5,Unix.Trojan.Gafgyt-6981154-0
Gafgyt,VirusShare_0696dc62a3a88c6ce7c26590e435a217,Unix.Trojan.Gafgyt-6981154-0
Mirai,VirusShare_b7e277a6b235700986eab1bb8984e3b5,Unix.Dropper.Mirai-7136017-0
Gafgyt,VirusShare_d88cf7fac2f64a372b5ab18f9f7cb156,Unix.Trojan.Gafgyt-6981154-0
Tsunami,VirusShare_eb13ffa6f249f22fc5c666c254a47cb0,Unix.Trojan.Tsunami-6981155-0
Gafgyt,VirusShare_1561801451293df6d1fc116221fc7901,Unix.Trojan.Gafgyt-6981154-0
Gafgyt,VirusShare_e9cc6b1e7e3a5faff3fd2478e0bada3d,Unix.Trojan.Gafgyt-6981154-0
Gafgyt,VirusShare_50f2a717c2754f0bec8457241bd1d362,Unix.Trojan.Gafgyt-6981154-0
Gafgyt,VirusShare_7fcedda6624db42141c5d34413c1087a,Unix.Trojan.Gafgyt-6981154-0
Gafgyt,VirusShare_8ff2720583c5ca10468834ebb7812a0a,Unix.Trojan.Gafgyt-6981154-0
Gafgyt,VirusShare_419552feed17d42c37a369f8cd9956f0,Sanesecurity.Malware.29227.LC.UNOFFICIAL
Gafgyt,VirusShare_c7c4b2c0d35d1958b46bcf50ea5573f4,Unix.Trojan.Gafgyt-6981154-0
Gafgyt,VirusShare_fbfcc6e6d61ce34f19a70f93a7e3a59e,Unix.Trojan.Gafgyt-6981154-0
Gafgyt,VirusShare_4be14c6cc18ea05e62ec010a43003677,Unix.Trojan.Gafgyt-1
Gafgyt,VirusShare_257ad614474f544d224059f0c1404dd3,Sanesecurity.Malware.29227.LC.UNOFFICIAL
Mirai,VirusShare_273bea193ed03b0dab2386cd93ff8757,Unix.Dropper.Mirai-7138864-0
Gafgyt,VirusShare_1cc9f8167e258cc1bee570843b96819c,Unix.Trojan.Gafgyt-6981154-0
Gafgyt,VirusShare_1c0dfa54d9b0f87e0e3f18cd41469239,Unix.Trojan.Gafgyt-6981154-0
Gafgyt,VirusShare_ce1f22ad7b3bc3cb27418a6d06c29d88,Unix.Trojan.Gafgyt-6981154-0
Gafgyt,VirusShare_16df02601d0e1d1abb0903f225649a38,Unix.Trojan.Gafgyt-6981154-0
XMRIG_Miner,VirusShare_6ebb9cad2da6379d33515da278a61468,Unix.Malware.Agent-7347287-0
Mirai,VirusShare_2034fb96bcbb3af2560cacec9fb3add0,Unix.Trojan.Mirai-6981158-0
Gafgyt,VirusShare_948e5f144433788c5445b2130c5553cd,Unix.Trojan.Gafgyt-6981154-0
Gafgyt,VirusShare_e0cfe935b232e3105458abcda9775221,Unix.Trojan.Gafgyt-6981154-0
Gafgyt,VirusShare_3db4c8987b5c13533b7cee0307bb3fef,Unix.Trojan.Gafgyt-6981154-0
Gafgyt,VirusShare_354c3dbb4298a967c2777015f6f5f58e,Unix.Trojan.Gafgyt-1
Gafgyt,VirusShare_180cb2bd4c85a828d0a0bda253fbeaf6,Unix.Trojan.Gafgyt-6981154-0
Gafgyt,VirusShare_f6b8c203a1378b3d3d9e6a1c6860efba,Unix.Trojan.Gafgyt-6981154-0
Tsunami,VirusShare_b9973253242a414e68252a64b8f27d33,Unix.Malware.Agent-7009574-0
Gafgyt,VirusShare_6919b6ce818fe55ab84b804f0db5f7ab,Unix.Malware.Agent-6730795-0
Tsunami,VirusShare_a0b902e66e462099e318cdb63aa06825,Unix.Trojan.Tsunami-6981155-0
Tsunami,VirusShare_4cac005ad99bf4a78dcbba130590c52a,Unix.Malware.Agent-6978847-0
Mirai,VirusShare_db1fb6148872cc719b857144adce6f31,Unix.Dropper.Mirai-7139232-0
Gafgyt,VirusShare_8c25075ae7af1d8b6d82c876090900aa,Unix.Trojan.Gafgyt-6981154-0
Tsunami,VirusShare_73e3eb7892af00494c9aaf84920ad22c,Unix.Trojan.Tsunami-6981155-0
Gafgyt,VirusShare_9c9d1a0e86741d98c125ba965968c5fb,Unix.Trojan.Gafgyt-6981154-0
Gafgyt,VirusShare_fad597b6e2ae18a7b5cc8f8b6933aafc,Unix.Trojan.Gafgyt-6981154-0
XMRIG_Miner,VirusShare_cf908520709270a26d6130c3278b3248,Unix.Malware.Agent-6691357-0
Tsunami,VirusShare_80cd472ad99c5490d0383791c24add2a,Unix.Trojan.Tsunami-6981155-0
Mirai,VirusShare_93a78328416972c947e63f8e4ebcfbf3,Unix.Dropper.Mirai-7139232-0
Gafgyt,VirusShare_e72ec326a3c04a8c5ee368120e2b8988,Unix.Trojan.Gafgyt-6981154-0
Gafgyt,VirusShare_11ecaa68ecd2c0ed75d9c93fc2ce6b89,Unix.Trojan.Gafgyt-6981154-0
Gafgyt,VirusShare_6bf151dd84f2d0f27a8bb85855203af0,Sanesecurity.Malware.29227.LC.UNOFFICIAL
Gafgyt,VirusShare_bf95e24cee1be8206098ec0db1ed0c04,Unix.Trojan.Gafgyt-6981154-0
Tsunami,VirusShare_837af620c6ca65212ed952a3ddb82998,Unix.Trojan.Tsunami-6981155-0
Mirai,VirusShare_1cfaebd1fcbfc32f12d801c16afb0487,Unix.Malware.Agent-7412251-0
Gafgyt,VirusShare_37bdb0f8baaf5ae1b3bc10e2a5de5d3e,Unix.Malware.Agent-6977589-0
Gafgyt,VirusShare_a111504d8b261b0c2bc71c75fe5cbf4c,Unix.Trojan.Gafgyt-6981154-0
Gafgyt,VirusShare_f7e36314993c61706507a167f99737b9,Unix.Trojan.Gafgyt-6981154-0
Gafgyt,VirusShare_695317def286962095f3c631d8d00f28,Unix.Trojan.Gafgyt-6981154-0
Gafgyt,VirusShare_91960d654ef14803583458a9a25b22e8,Unix.Trojan.Gafgyt-6981154-0
Gafgyt,VirusShare_31fb3b4ba55676702bc5e99988830a2c,Unix.Trojan.Gafgyt-6981154-0
Gafgyt,VirusShare_3d95fe4844736b40f48b3d34056a3825,Sanesecurity.Malware.29227.LC.UNOFFICIAL
Gafgyt,VirusShare_e8cc21c738610321247d25c9c50ec257,Unix.Trojan.Gafgyt-6981154-0
Tsunami,VirusShare_0b0fc3113fd5b8dff7b79c4b3956a394,Unix.Trojan.Tsunami-6981155-0
Gafgyt,VirusShare_cc9c178ffe950972785b538453549dbf,Unix.Trojan.Gafgyt-6981154-0
Gafgyt,VirusShare_b79d908897af48dafd002fd628659341,Unix.Trojan.Gafgyt-6981154-0
Gafgyt,VirusShare_cd3edbeb9a1231ab82490f69a5d8edae,Unix.Trojan.Gafgyt-6981160-0
Gafgyt,VirusShare_915ca73acb466f25afe7e5fbb2c02433,Unix.Malware.Agent-7350707-0
Gafgyt,VirusShare_14761b3f04f51ae550e11fc59e6f7796,Unix.Trojan.Gafgyt-6981154-0
Tsunami,VirusShare_5fa7dcc92a920f10055078664d3c1eaf,Unix.Malware.Agent-6757381-0
Tsunami,VirusShare_865ff9f81223cca641af730dc9f4ed17,Unix.Trojan.Tsunami-6981155-0
Gafgyt,VirusShare_54c352f6b36a83e39d2f33d93261e99c,Sanesecurity.Malware.29227.LC.UNOFFICIAL
Gafgyt,VirusShare_108d12fd2d431f14a66203439360a1d9,Unix.Trojan.Gafgyt-6981165-0
Gafgyt,VirusShare_547cd346b77bb6c8dbfa5ad500e31b4a,Unix.Trojan.Gafgyt-6981154-0
Tsunami,VirusShare_4c3ba14d6261eea9f87f25be4ebc9a24,Unix.Malware.Agent-6816902-0
Gafgyt,VirusShare_a40374c3e592992ab89d7666753db2b0,Unix.Trojan.Gafgyt-6981154-0
Gafgyt,VirusShare_e711723f3301251615d6009382c7234b,Unix.Trojan.Gafgyt-6981154-0
Gafgyt,VirusShare_1170f65c8efeedd7cabf3122bd3806a6,Unix.Trojan.Gafgyt-6981154-0
Gafgyt,VirusShare_dcef978d110b524e8c9ce7e4a94df10f,Unix.Trojan.Gafgyt-6981154-0
Gafgyt,VirusShare_8045677aa172ea0dd321b55cec921a1f,Unix.Malware.Agent-6730381-0
Gafgyt,VirusShare_a6861634e2d812353e71df4cecbb64b4,Unix.Trojan.Gafgyt-6981154-0
Gafgyt,VirusShare_c034ea6eeba3acb971ab90491b7ad122,Unix.Trojan.Gafgyt-6981154-0
Mirai,VirusShare_f494042f3ef8d8b3a696c6a36b1ff6aa,Unix.Dropper.Mirai-7135890-0
Gafgyt,VirusShare_8a2b8baa90fc5c416b24312c5c8fbf4d,Unix.Trojan.Gafgyt-6981154-0
Gafgyt,VirusShare_a3fde90d8068a83c51fedb2fe283a2d1,Unix.Trojan.Gafgyt-6981154-0
Gafgyt,VirusShare_5483e1c2cb808a09aa66d955d689384f,Unix.Trojan.Gafgyt-6981154-0
XMRIG_Miner,VirusShare_c8c1f2da51fbd0aea60e11a81236c9dc,Multios.Trojan.CryptocoinMiner-6448864-1
Gafgyt,VirusShare_f57e33935a321140f321f5033b2dc620,Unix.Trojan.Gafgyt-6981154-0
Gafgyt,VirusShare_8e16873f6b4f8170c72015e7f5633234,Unix.Trojan.Gafgyt-6981154-0
Gafgyt,VirusShare_f08d9285e2721cb7a1ffb37c90b5ab95,Unix.Trojan.Gafgyt-6981154-0
Gafgyt,VirusShare_7720dfeef12abf6ab644dc5a96f1bd4c,Unix.Trojan.Gafgyt-6981154-0
Gafgyt,VirusShare_6d45ef2a37f6ba70e46a83c66d92a065,Unix.Trojan.Gafgyt-6981154-0
Gafgyt,VirusShare_5d0816092ebe16b919862db3f676c001,Unix.Trojan.Gafgyt-6981154-0
Tsunami,VirusShare_c862945e77db658f65bd7b8a74c3cd1e,Win.Trojan.Tsunami-5
Gafgyt,VirusShare_ee2215753c6c5b59e373a38e7fcb1e45,Unix.Trojan.Gafgyt-6981154-0
Gafgyt,VirusShare_fa909c97412efd5b0356b4d031c05afe,Unix.Trojan.Gafgyt-6981154-0
Gafgyt,VirusShare_9ea773ed6d4e74e1f7d501d87637b415,Unix.Trojan.Gafgyt-6981154-0
Mirai,VirusShare_4dd1a2bc44b8560cbd6ef8b86317f9a2,Unix.Dropper.Mirai-7139232-0
Gafgyt,VirusShare_69e6eb7fc243da6bf95a1824661be38c,Unix.Trojan.Gafgyt-6981154-0
Gafgyt,VirusShare_fd7bec012e98632b388f719ba6980522,Unix.Malware.Agent-7159067-0
Tsunami,VirusShare_a42640ac5433432317ca8384fc398c97,Unix.Trojan.Tsunami-6981155-0
Gafgyt,VirusShare_3b21d473f281b555cbe320ff9249686a,Unix.Trojan.Gafgyt-6981154-0
Gafgyt,VirusShare_b6a18b4e0f04fa30cd390cee43e5d368,Unix.Trojan.Gafgyt-6981154-0
Gafgyt,VirusShare_7896669db78cb930a33bb679947fc9a0,Unix.Trojan.Gafgyt-6981154-0
Mirai,VirusShare_5f933baa334707da86e6090c8da2cd22,Unix.Trojan.Mirai-6976991-0
Tsunami,VirusShare_a09bdc10b26b8112f63c247a15bcac6c,Sanesecurity.Malware.29524.LC.UNOFFICIAL
Gafgyt,VirusShare_75803f00be23bdc272b610fb8e56f324,Unix.Trojan.Gafgyt-6981154-0
Gafgyt,VirusShare_b430c4809cae3070928053b6f6e7b4a0,Unix.Trojan.Gafgyt-6981154-0
Gafgyt,VirusShare_f16c7c1dea93180a6a09e577c4538995,Unix.Trojan.Gafgyt-1
XMRIG_Miner,VirusShare_d57fd04ae79c98c7ecf25ccbf0e6d4dd,Unix.Malware.Agent-6724169-0
Gafgyt,VirusShare_74b375af5bd13e02c5422a242ca2015c,Unix.Malware.Agent-7184727-0
Gafgyt,VirusShare_6695bf46823b56c217967331ec359d25,Sanesecurity.Malware.29227.LC.UNOFFICIAL
Tsunami,VirusShare_e7ad3c2ede3d99b125a70c52ab8a0e01,Unix.Trojan.Tsunami-6981155-0
Gafgyt,VirusShare_d8dfd75825adb0cd467a4cbce64cb381,Unix.Malware.Agent-6844436-0
Gafgyt,VirusShare_25f411e2ab254118cd9fcc78c12c0e73,Unix.Trojan.Gafgyt-1
Gafgyt,VirusShare_65eb39b4975106dfd0808b3eb6304893,Unix.Trojan.Gafgyt-6981154-0
Gafgyt,VirusShare_e54a47c0a495498d017659bd71645cc1,Unix.Malware.Agent-7160538-0
Gafgyt,VirusShare_06585ffdc9df60cdd849c3151e9d7d63,Unix.Trojan.Gafgyt-6981154-0
Tsunami,VirusShare_cd19ce10d371667e7faa3967160cd80e,Unix.Malware.Agent-6756857-0
Emotet,VirusShare_75902cf93397d2e2d1797cd115f8347a,Unix.Malware.Agent-7009116-0
Gafgyt,VirusShare_2ea94190abc7aadaf00db156da296448,Unix.Trojan.Gafgyt-6981154-0
Tsunami,VirusShare_be161845cff1b200dc72ab08cc88476a,Unix.Trojan.Tsunami-6981155-0
Mirai,VirusShare_7b517d6fd7c17d6ea6d364d1571d2c4c,Unix.Dropper.Mirai-7139232-0
Gafgyt,VirusShare_fb831482fbe4240030d23677cbb1e806,Unix.Trojan.Gafgyt-6981154-0
Tsunami,VirusShare_0736ee7911d2189841803bdc1f278701,Unix.Trojan.Tsunami-6981155-0
Gafgyt,VirusShare_cdd56cee8a3bd1d0d26d431e98601ba9,Unix.Trojan.Gafgyt-6981154-0
Mirai,VirusShare_3a6b44f6797cb64dc1a0ed44ecf799ce,Unix.Dropper.Mirai-7338040-0
Tsunami,VirusShare_cfd309247b36d7ca112b4ff33e6646ac,Unix.Malware.Agent-6810416-0
Tsunami,VirusShare_e9658d751baefff8b99cf6d0e0e5abee,Unix.Malware.Agent-6956555-0
XMRIG_Miner,VirusShare_fb6bf5af8771b0dc446861484335fc5e,Multios.Coinminer.Miner-6781728-2
Gafgyt,VirusShare_17788f24b68a0f44158ea0f76b4c2064,Unix.Trojan.Gafgyt-6981154-0
Mirai,VirusShare_f1fea200ddaaabfd254209244f2c6b3f,Unix.Malware.Agent-6940964-0
Tsunami,VirusShare_aa2a019fefa7f2f080b3d2282627aab9,Unix.Malware.Agent-6821794-0
Gafgyt,VirusShare_653545dcd1df05a74c542baf7026c8e2,Unix.Malware.Agent-6742680-0
Gafgyt,VirusShare_59ec0f18708093e6b1551343d86ff56c,Unix.Trojan.Gafgyt-6981154-0
Gafgyt,VirusShare_fa9efc057691c3e970662eda16e9f793,Unix.Trojan.Gafgyt-6981154-0
Gafgyt,VirusShare_81e021263ebddfd8fd7ae6da50d4e97a,Unix.Trojan.Gafgyt-6981154-0
XMRIG_Miner,VirusShare_524ab5146bf99de05a419d6649ec2167,Multios.Coinminer.Miner-6781728-2
Gafgyt,VirusShare_fa39a55106b6c27024f40ba3b64e37b5,Unix.Malware.Agent-6734048-0
Gafgyt,VirusShare_ea9a3b2421f4770b1df6b9578344a838,Unix.Trojan.Gafgyt-6981154-0
Gafgyt,VirusShare_3bcacb2f7449dbae36e8d3389ef7a61b,Unix.Trojan.Gafgyt-1
Gafgyt,VirusShare_5e85ac2809d4357b4431b35dbd8799da,Unix.Trojan.Gafgyt-6981154-0
Tsunami,VirusShare_8685436579baf2bde9bddd1749ea0bb5,Unix.Malware.Agent-6839239-0
Tsunami,VirusShare_dc068481d694107c12e074d53cade35b,Unix.Trojan.Tsunami-6981155-0
Gafgyt,VirusShare_da4d17519a451f2d310e268e893d4dbf,Sanesecurity.Malware.29227.LC.UNOFFICIAL
Gafgyt,VirusShare_2aa6fb6fea5a3e09cd6ab7055407d8c8,Unix.Trojan.Gafgyt-6981154-0
Mirai,VirusShare_4dbf1b5a89757d8d7b0f29d2cd0f18c0,Unix.Dropper.Mirai-7135881-0
Gafgyt,VirusShare_489a1e03fb5d6eecd4953ffd24786fee,Unix.Trojan.Gafgyt-6981154-0
Gafgyt,VirusShare_f642a6d280c493315b28b5e492683032,Unix.Trojan.Gafgyt-6981154-0
Gafgyt,VirusShare_e99054521426f165dc7ee3e28bbe42a4,Unix.Trojan.Gafgyt-6981154-0
Gafgyt,VirusShare_eacd3c9972ab6c22267d3eda9addf9a6,Unix.Trojan.Gafgyt-6981154-0
Mirai,VirusShare_59e3fa23e0282368628b2dfe1605ccf7,Sanesecurity.Malware.29524.LC.UNOFFICIAL
Gafgyt,VirusShare_d5387960aad67056c30c65b50ac75c71,Unix.Trojan.Gafgyt-6981154-0
Tsunami,VirusShare_cdb8f1a727b331057c3d74b59909618f,Win.Trojan.Tsunami-5
Gafgyt,VirusShare_798c3286b2e79604d332e5589c6b6264,Unix.Trojan.Gafgyt-6981154-0
Gafgyt,VirusShare_c54b429f0263bbeea70b443fc3e53b02,Unix.Trojan.Gafgyt-6981154-0
Gafgyt,VirusShare_4acf95574ed52f791a7b3c69c976f7ba,Unix.Trojan.Gafgyt-6981154-0
Tsunami,VirusShare_3870a0ee5b84ed84ee96da93985288e6,Unix.Trojan.Tsunami-6981155-0
Gafgyt,VirusShare_07a33275eb11211d04db850d264e2f32,Unix.Trojan.Gafgyt-6981154-0
Gafgyt,VirusShare_d5e5ca478334aca36f918b6b5e9b506c,Unix.Trojan.Gafgyt-6981154-0
Tsunami,VirusShare_b0bea0f1f0e34b06ae26e8ab6f2e3652,Unix.Trojan.Tsunami-6981155-0
Mirai,VirusShare_ebb4cdb61570b8c69f46a222116049de,Unix.Dropper.Mirai-7540654-0
Gafgyt,VirusShare_e69ba88b83c142b2f04f857787fdfb5e,Unix.Trojan.Gafgyt-6981154-0
Gafgyt,VirusShare_e2f3547f75c7fc48602a4b85fef492d2,Unix.Trojan.Gafgyt-6981154-0
Mirai,VirusShare_2f7f16fcaa4798cbdd554a6993c2002e,Unix.Dropper.Mirai-7540662-0
Gafgyt,VirusShare_93bbac045f45e7e6a773599caac03c13,Unix.Trojan.Gafgyt-6981154-0
Gafgyt,VirusShare_e18e2bf150a948b5db09bd90f8a7ada6,Unix.Trojan.Gafgyt-6981154-0
Mirai,VirusShare_59b69baedea32279873b5a68cda16236,Unix.Dropper.Mirai-7139232-0
Gafgyt,VirusShare_cf4053840b9904039626de5d15b97898,Unix.Trojan.Gafgyt-6981154-0
Gafgyt,VirusShare_2e1e62e0e289400b7f208a30d4cd9621,Unix.Trojan.Gafgyt-1
Tsunami,VirusShare_9deaaab0970b88d306fbffc4b3f36dec,Sanesecurity.Malware.29524.LC.UNOFFICIAL
XMRIG_Miner,VirusShare_7f4d9a672bb7ff27f641d29b99ecb08a,Unix.Malware.Agent-6638190-0
Mirai,VirusShare_985a575161907e62d5d5d36485a63899,Unix.Dropper.Mirai-7139232-0
Tsunami,VirusShare_e704b5769c02ff5ccc7f53ca46d63fd2,Unix.Trojan.Tsunami-6981155-0
Tsunami,VirusShare_6db3df3aabefc16d5cd1fa4875233a66,Win.Trojan.Tsunami-5
Mirai,VirusShare_839fce30ea280ae55a36cdcf18062f97,Unix.Trojan.Mirai-6981158-0
XMRIG_Miner,VirusShare_86f043d414b0fbfc4d1a91c5c508f652,Multios.Coinminer.Miner-6781728-2
Tsunami,VirusShare_758e71b630362a676739927fa972562d,Unix.Malware.Agent-6976721-0
Gafgyt,VirusShare_4f775344e8a7c969a1f13cb1869bf29c,Unix.Trojan.Gafgyt-6981154-0
Gafgyt,VirusShare_44b88bc3ba3fbe58054773b312ca458f,Unix.Trojan.Gafgyt-6981154-0
Gafgyt,VirusShare_f5b63659b4eb7440c0e0822ec20a5f44,Unix.Trojan.Gafgyt-6981154-0
Gafgyt,VirusShare_fec2bcb4a8fb4b0a3d5432da98a48c6b,Unix.Trojan.Gafgyt-6981154-0
Gafgyt,VirusShare_ef71f4a7d5c838f425266a0956cb60ab,Unix.Trojan.Gafgyt-6981154-0
Gafgyt,VirusShare_f74f7be15cf241b517f685c440ff80ba,Sanesecurity.Malware.29001.LCM.UNOFFICIAL
Tsunami,VirusShare_43ea66123a33b672d17f77f67530de8f,Unix.Trojan.Tsunami-6981155-0
Mirai,VirusShare_269345f33be0baeba70bc9be4b144fef,Unix.Dropper.Mirai-7138843-0
Gafgyt,VirusShare_b1a8544f313e1f0f9d5f88a2f42925ba,Unix.Trojan.Gafgyt-6981154-0
Gafgyt,VirusShare_de76ec81a8e447dcb6ab8e543b803180,Unix.Trojan.Gafgyt-6981154-0
Mirai,VirusShare_e1faf15fa25846b7a10de6f34c13f931,Sanesecurity.Malware.29325.LC.Pl.UNOFFICIAL
Gafgyt,VirusShare_47dc48eab90edd446296baadec39e8c6,Unix.Trojan.Gafgyt-6981154-0
Gafgyt,VirusShare_a19c69b52dc7ed60f3f686c2f4e7f922,Unix.Malware.Agent-7159783-0
Gafgyt,VirusShare_d9bbc7b9c7eb6a9de82f9aba8840eb85,Unix.Trojan.Gafgyt-6981154-0
Gafgyt,VirusShare_11524068204daa5b606343e8c0899626,Unix.Trojan.Gafgyt-6981154-0
Tsunami,VirusShare_235fda728fcd62c5d3d96b07bdf45e23,Win.Trojan.Tsunami-5
Gafgyt,VirusShare_29cff71449d9ccc683b7156cc634a438,Unix.Trojan.Gafgyt-6981154-0
Gafgyt,VirusShare_a6ae7323f43b9342a177d89208140bfd,Unix.Trojan.Gafgyt-6981154-0
Gafgyt,VirusShare_a6a786ae092cc6d108f451dc31963573,Unix.Trojan.Gafgyt-6981154-0
Gafgyt,VirusShare_35d2749335c13f820883b38683ce2af3,Unix.Trojan.Gafgyt-6981154-0
Gafgyt,VirusShare_8e5dde47e22c1cd44fea140243d1d1cc,Unix.Trojan.Gafgyt-6981154-0
Tsunami,VirusShare_842681d8d910fea155f220fb01935a0d,Unix.Trojan.Tsunami-6981155-0
XMRIG_Miner,VirusShare_f67a356a25fa76b3e660b19dc1e690c1,Multios.Coinminer.Miner-6781728-2
Gafgyt,VirusShare_30ae2855e55e9cb54008e27fecde751d,Sanesecurity.Malware.29227.LC.UNOFFICIAL
Gafgyt,VirusShare_4325c248e083caf4c3470fac3d45e16a,Unix.Malware.Agent-6839832-0
Gafgyt,VirusShare_1d27034ca6fcf49c5ca1397ba2f963e4,Sanesecurity.Malware.29227.LC.UNOFFICIAL
Gafgyt,VirusShare_7f392a48d62200bbbb571a4e94521c67,Sanesecurity.Malware.29227.LC.UNOFFICIAL
Tsunami,VirusShare_47b68f7e50ec385ffd942dc9714d71b9,Win.Trojan.Tsunami-5
Gafgyt,VirusShare_2a018d2d696ec2ad9ad2c3ea3d0ca47b,Unix.Trojan.Gafgyt-6981154-0
Gafgyt,VirusShare_fba3f27b8c60c3e30e3b787743ca201d,Unix.Trojan.Gafgyt-6981154-0
Gafgyt,VirusShare_468a98130273604cd1839168c1adad98,Unix.Trojan.Gafgyt-6981154-0
Tsunami,VirusShare_17d6fed4e923d21f016a1d2c8c738456,Unix.Trojan.Tsunami-6981155-0
Gafgyt,VirusShare_8883c4078caa0040f19e737937ca2141,Unix.Trojan.Gafgyt-6981154-0
Gafgyt,VirusShare_f56982f5f58b2903a742198f7c1e030e,Unix.Trojan.Gafgyt-6981154-0
Tsunami,VirusShare_f4ff4eed8274b8f858c50e3bb0291fdc,Unix.Malware.Agent-6623155-0
Gafgyt,VirusShare_dc366071cde583a07358febc66715fc8,Unix.Trojan.Gafgyt-6981154-0
Mirai,VirusShare_984c03195d18378309bfadf1b07fc769,Unix.Trojan.Mirai-7100807-0
Gafgyt,VirusShare_4852f8fa11fcfbf0123a876c312b9eaa,Unix.Trojan.Gafgyt-1
Gafgyt,VirusShare_b8ddf63c4100b73a2fbf421813c3c20e,Unix.Trojan.Gafgyt-6981154-0
XMRIG_Miner,VirusShare_a660ae9f837911ffeb6877c35e164a5f,Unix.Malware.Agent-6736130-0
Tsunami,VirusShare_6d011884c22644ea7ded66d15e457dcc,Unix.Malware.Agent-6809665-0
Mirai,VirusShare_d366287948c260df147865ab04fe1d91,Unix.Dropper.Mirai-7171384-0
Gafgyt,VirusShare_7205bc14fe63b345b30278016ae1b0fb,Unix.Malware.Agent-6722341-0
Mirai,VirusShare_b204b770413caaf6e28c22707a20cb5f,Unix.Dropper.Mirai-7338040-0
Tsunami,VirusShare_3ca3ba59a625725655d49e336ca3de93,Unix.Malware.Agent-6942328-0
Gafgyt,VirusShare_857bf2ea1603c8d1900575e3d3096f4c,Unix.Trojan.Gafgyt-6981154-0
Mirai,VirusShare_fe92ff42d8c3a9052ae586ba6f831bce,Unix.Dropper.Mirai-7171431-0
Gafgyt,VirusShare_a145c8bf751bf9a5e6065e9174ec29c5,Unix.Trojan.Gafgyt-6981154-0
Gafgyt,VirusShare_2bc993e44614251a08e1fc48009b154e,Unix.Trojan.Gafgyt-6981154-0
XMRIG_Miner,VirusShare_ba1107e5c6581defbd0fa013450d9b66,Multios.Trojan.CryptocoinMiner-6448864-1
Gafgyt,VirusShare_7bca36debd5bf1bcc4493637705348d3,Sanesecurity.Malware.29227.LC.UNOFFICIAL
Gafgyt,VirusShare_ff6e24dfc56e49e4c70928670caae5c6,Unix.Trojan.Gafgyt-6981154-0
Gafgyt,VirusShare_22274369bc4fb9db6cfbdfef2e75c928,Unix.Trojan.Gafgyt-6981154-0
Gafgyt,VirusShare_8af96f074f29003846fea72999885e7f,Sanesecurity.Malware.29227.LC.UNOFFICIAL
Gafgyt,VirusShare_7d5d924891041d6477bc63bacc42b696,Unix.Trojan.Gafgyt-6981154-0
Gafgyt,VirusShare_1359f9ccab70b6349eef26f1ef87c639,Unix.Trojan.Gafgyt-6981154-0
Gafgyt,VirusShare_2a4ee0387c5c8a29ff42e764c029a809,Sanesecurity.Malware.29227.LC.UNOFFICIAL
Gafgyt,VirusShare_b623458a5e02ec0e7dc053b5837fb682,Unix.Trojan.Gafgyt-6981154-0
Gafgyt,VirusShare_a33c2c95a177ef25bea7897762f15595,Unix.Trojan.Gafgyt-6981154-0
Gafgyt,VirusShare_45481b3bcc5fe620a84b68f05759e8c3,Unix.Malware.Agent-6703416-0
Tsunami,VirusShare_38fe4d581e14ead2d00e2d9b3dcf62de,Unix.Trojan.Tsunami-6981155-0
XMRIG_Miner,VirusShare_9f8fe9f8793480314daa6a159de6e644,Multios.Coinminer.Miner-6781728-2
Gafgyt,VirusShare_e502f186b3a2c8721a9f612a79f4a8b0,Unix.Trojan.Gafgyt-6981154-0
Tsunami,VirusShare_d26c322e2439971a3b9cd65e27fdd311,Unix.Malware.Agent-6629012-0
Gafgyt,VirusShare_c3c1f6f1e6e02a80e86631dd223a81ae,Unix.Trojan.Gafgyt-6981154-0
Gafgyt,VirusShare_7d176a8da4d91198db02e68a6bbe31f9,Unix.Trojan.Gafgyt-6981154-0
Gafgyt,VirusShare_f61ca97655497e754b6e799cc28f2343,Unix.Trojan.Gafgyt-6981154-0
Gafgyt,VirusShare_55e44b1df7826d85143f9fe2017d96c3,Unix.Trojan.Gafgyt-6981154-0
Tsunami,VirusShare_f9823a79dff4eeacd10625938575b76c,Unix.Malware.Agent-6765407-0
Gafgyt,VirusShare_f125a59db58816874c16955a1089788c,Unix.Trojan.Gafgyt-6981154-0
Tsunami,VirusShare_6dc66ace4d1fb84cb6a0dc396cbbf66c,Sanesecurity.Malware.29052.TSource.UNOFFICIAL
XMRIG_Miner,VirusShare_fa7dff4dc292d3c418ac7795e5139a1c,Multios.Trojan.CryptocoinMiner-6448864-1
Gafgyt,VirusShare_19193ab4faefc4876fdeb44986040b1e,Sanesecurity.Malware.29227.LC.UNOFFICIAL
Mirai,VirusShare_2f3fd306fac863f16056daa237a55d5f,Unix.Malware.Agent-7397734-0
Gafgyt,VirusShare_1b8fdb31a3e66b2432e49e096666c41d,Unix.Trojan.Gafgyt-6981154-0
XMRIG_Miner,VirusShare_8b1af0f1daa0008baf4675c700b51e3a,Multios.Trojan.CryptocoinMiner-6448864-1
Gafgyt,VirusShare_12f1a4910904dd76c71424117322fc65,Unix.Trojan.Gafgyt-6981154-0
Gafgyt,VirusShare_c041d32a34ee0f2dc18dec94be615e06,Unix.Trojan.Gafgyt-6981154-0
Gafgyt,VirusShare_35689bcc16034c8f23ea0c6161878bd2,Unix.Trojan.Gafgyt-6981160-0
Tsunami,VirusShare_b105a02b58a82cf33bfcd6ce983f5960,Unix.Malware.Agent-6711897-0
Gafgyt,VirusShare_8531ac763c0127d389407a9413766019,Unix.Trojan.Gafgyt-6981154-0
Gafgyt,VirusShare_b617fe6cb5e7498dada4b21b3c5e313e,Unix.Trojan.Gafgyt-6981154-0
Gafgyt,VirusShare_3730f3fbb4ad41ca7688dfd342dd7956,Unix.Trojan.Gafgyt-6981154-0
